{"_timestamp":1.7642248391231844e+09,"_step":1900,"_runtime":37.987328175,"_wandb":{"runtime":37},"loss":0.00015023761079646647,"final_loss":0.00015023761079646647}