{"_runtime":214.076147152,"_wandb":{"runtime":214},"_timestamp":1.7690326749887319e+09,"_step":7700,"loss":0.03645714372396469,"final_loss":0.00015822322166059166}