{"loss":0.43659019470214844,"final_loss":0.0003978991589974612,"_wandb":{"runtime":19},"_runtime":19.658792781,"_timestamp":1.7640143903464718e+09,"_step":1000}