{"_timestamp":1.764225327082005e+09,"_wandb":{"runtime":132},"_runtime":132.467370972,"_step":6700,"loss":2.1564990220213076e-06,"final_loss":2.1564990220213076e-06}