{"train_runtime":30.1121,"train/grad_norm":2.359375,"train/loss":0.2876,"eval/loss":0.2785240411758423,"_timestamp":1.769038447582199e+09,"train/learning_rate":2.1505376344086024e-07,"train/epoch":1,"train/global_step":98,"_step":99,"_wandb":{"runtime":28},"train_steps_per_second":3.255,"eval/samples_per_second":332.099,"total_flos":2.389874860621824e+15,"train_samples_per_second":3320.919,"eval/runtime":1.5056,"train_loss":0.5244564848894976,"eval/steps_per_second":10.627,"_runtime":28}