{"_runtime":18.000376276,"_wandb":{"runtime":18},"final_loss":0.00928141176700592,"_timestamp":1.7642250004491649e+09,"_step":800,"loss":0.00928141176700592}