{"_step":9900,"loss":0.10100848972797394,"final_loss":0.00037918647285550833,"_wandb":{"runtime":214},"_runtime":214.296378843,"_timestamp":1.7642258218213751e+09}