{"train/learning_rate":1.62177742193755e-05,"train/epoch":0.18992,"_wandb":{"runtime":243},"_runtime":243,"train/loss":0.2457,"train/global_step":1187,"_timestamp":1.7690382744425943e+09,"_step":1186,"train/grad_norm":5.125}