{"_timestamp":1.7642261647144742e+09,"_wandb":{"runtime":310},"_runtime":310.79067666,"_step":9900,"loss":0.05471260845661163,"final_loss":0.0001193468997371383}