{"_runtime":25.536574803,"_timestamp":1.7642248946665154e+09,"_step":1200,"loss":0.0019315574318170547,"final_loss":0.0019315574318170547,"_wandb":{"runtime":25}}