{"_step":1900,"loss":1.4893727893650066e-05,"final_loss":1.4893727893650066e-05,"_timestamp":1.7642254650438445e+09,"_wandb":{"runtime":43},"_runtime":43.001220835}