{"_wandb":{"runtime":145},"_runtime":145.606095649,"loss":0.003082101698964834,"final_loss":0.0001671318750595674,"_timestamp":1.7640145642532196e+09,"_step":9700}