{"loss":0.03722662851214409,"final_loss":0.00027493416564539075,"_timestamp":1.764226672966585e+09,"_step":9900,"_wandb":{"runtime":429},"_runtime":429.697135535}