{"_timestamp":1.7690383512763684e+09,"train/loss":0.2804,"_wandb":{"runtime":25},"train/global_step":116,"_step":115,"train/grad_norm":2.390625,"train/learning_rate":1.716859716859717e-05,"train/epoch":0.14843250159948818,"_runtime":25}