{"_wandb":{"runtime":1},"_runtime":1.0689857090000001,"final_loss":0.9191470742225647,"_timestamp":1.7640142168720775e+09,"_step":0,"loss":0.9916300773620605}