{"_timestamp":1.7642240235563884e+09,"_step":9900,"loss":0.0905236303806305,"_wandb":{"runtime":169},"_runtime":169.722289213,"final_loss":4.903713124804199e-05}