{"_wandb":{"runtime":27},"_runtime":27.875142883,"loss":0.45580410957336426,"final_loss":0.0036371243186295033,"_timestamp":1.7640143519570355e+09,"_step":1500}