{
  "cot": {
    "n_runs": 20,
    "phases": [
      1,
      2,
      3,
      4,
      5,
      6,
      7,
      8,
      9,
      10,
      11,
      12,
      13,
      14,
      15,
      16,
      17,
      18,
      19,
      20
    ],
    "mean_accuracy": [
      100.0,
      100.0,
      100.0,
      100.0,
      100.0,
      99.92299973964691,
      99.13049966096878,
      99.41499948501587,
      98.52399915456772,
      96.9229993224144,
      94.96849924325943,
      93.84549796581268,
      92.78049856424332,
      91.60999834537506,
      93.5349988937378,
      95.03399848937988,
      95.88799834251404,
      93.47599774599075,
      90.65799832344055,
      86.47999778389931
    ],
    "std_accuracy": [
      0.0,
      0.0,
      0.0,
      0.0,
      0.0,
      0.33563635350543375,
      3.298706989201993,
      1.3982804926331307,
      2.708700711893412,
      5.500761105451595,
      8.592499522977317,
      10.711698197875913,
      12.765571588183459,
      13.046754027228172,
      10.003675046996372,
      9.665734587294791,
      10.302367711606028,
      14.482541653128237,
      17.257104962714944,
      17.70178897505781
    ],
    "mean_loss": [
      0.0003087044172228153,
      0.0005971988187435459,
      0.00261596717617067,
      0.0029107885131816145,
      0.003921988365254947,
      0.0066243033856153485,
      0.02938525519355608,
      0.024639588617719713,
      0.052069050488062193,
      0.09318050281377509,
      0.14360872323159127,
      0.16285250519402325,
      0.18386687042424452,
      0.2109134780289605,
      0.15945150359882976,
      0.13226056077051906,
      0.10390300790430047,
      0.14897328654071318,
      0.20591835289262236,
      0.28860916850273494
    ],
    "std_loss": [
      0.0005377575562440213,
      0.0010668902686265854,
      0.0012930760770287885,
      0.001211964026725029,
      0.0010505861416330899,
      0.009879484646553898,
      0.08304380596387033,
      0.04192635172331802,
      0.07611415488754085,
      0.1370578792831481,
      0.21295132928144583,
      0.2522926966531744,
      0.28335252563371216,
      0.2908396443617473,
      0.2084925320276457,
      0.2041204962878721,
      0.20691783489091867,
      0.28870713134271725,
      0.3392011632126561,
      0.34904290733228543
    ]
  },
  "nocot": {
    "n_runs": 20,
    "phases": [
      1,
      2,
      3,
      4,
      5,
      6,
      7,
      8,
      9,
      10,
      11,
      12,
      13,
      14,
      15,
      16,
      17,
      18,
      19,
      20
    ],
    "mean_accuracy": [
      100.0,
      100.0,
      100.0,
      100.0,
      99.67449963092804,
      96.60549968481064,
      94.23649907112122,
      92.34099894762039,
      88.96349906921387,
      86.3144987821579,
      84.27049905061722,
      80.77549874782562,
      80.33349841833115,
      76.93899840116501,
      75.25649741292,
      73.86399820446968,
      72.12999790906906,
      67.88499772548676,
      63.938997983932495,
      62.01299861073494
    ],
    "std_accuracy": [
      0.0,
      0.0,
      0.0,
      0.0,
      0.9774338205284017,
      7.0225818394945305,
      10.618652889349148,
      12.563314199996542,
      14.508701400690839,
      17.413017136164328,
      19.162018318723142,
      20.086662781320463,
      19.22591579866567,
      18.950040755810953,
      19.722005333071685,
      19.86636894884369,
      19.42034368175085,
      17.81687869087125,
      17.651410186154,
      16.810464534575676
    ],
    "mean_loss": [
      0.0003087044172228153,
      0.0007126312641527477,
      0.0029475433222978607,
      0.0038107701085321826,
      0.01609694813956544,
      0.0846002605886337,
      0.13345159877178908,
      0.18081500989152116,
      0.2413054309866857,
      0.29436694520642054,
      0.33691930162138306,
      0.4051927630440332,
      0.4212289407162461,
      0.48629975158139127,
      0.5225253832852468,
      0.5458240742201451,
      0.5847593728697393,
      0.6709255822387057,
      0.7408203330170364,
      0.7771509125642478
    ],
    "std_loss": [
      0.0005377575562440213,
      0.0011532511873480074,
      0.0011867662789670583,
      0.0011612405571019982,
      0.036060960063840936,
      0.15563167737041492,
      0.23701751523022316,
      0.2647324605598666,
      0.30416039342928136,
      0.35218723030887283,
      0.3870963956303061,
      0.4057808647600435,
      0.3881141361612475,
      0.3761543226742089,
      0.3872446343408496,
      0.3805499511612084,
      0.3738209340352191,
      0.3369542747644959,
      0.3296827427095228,
      0.32025329597919877
    ]
  },
  "nocurriculum": {
    "n_runs": 20,
    "phases": [
      1,
      2,
      3,
      4,
      5,
      6,
      7,
      8,
      9,
      10,
      11,
      12,
      13,
      14,
      15,
      16,
      17,
      18,
      19,
      20
    ],
    "mean_accuracy": [
      49.95699852705002,
      50.20699858665466,
      49.81499895453453,
      50.068999230861664,
      50.213998556137085,
      49.9394990503788,
      49.93049845099449,
      49.82549861073494,
      49.94999870657921,
      50.12499883770943,
      50.01549869775772,
      49.86949875950813,
      50.08499890565872,
      50.137498527765274,
      50.30899837613106,
      50.61749830842018,
      50.2259986102581,
      50.48999905586243,
      50.148498713970184,
      50.33049896359444
    ],
    "std_accuracy": [
      0.5170792855909483,
      0.4456463907366733,
      0.5132109594688017,
      0.5284401799163952,
      0.469535985773292,
      0.472255569012384,
      0.5011931080358902,
      0.5080398597062745,
      0.5306036639881969,
      0.5280673654327714,
      0.5525076129165258,
      0.4899536186001332,
      1.0929297647919751,
      1.3209352763038837,
      1.1278067346196146,
      1.278060794211144,
      1.3194930681944743,
      1.4475876700799108,
      1.3881179038068592,
      1.4119647815907408
    ],
    "mean_loss": [
      1.0006363555788993,
      1.0003661093115808,
      1.0005809357762339,
      1.0002093017101288,
      0.9999898019433022,
      1.0001478317379953,
      1.000233072936535,
      1.000135981142521,
      1.000104760825634,
      1.000063137114048,
      1.0000678822398184,
      0.9996098220348356,
      0.9955578130483629,
      0.9942871820926668,
      0.9939970082044601,
      0.9938357985019683,
      0.9938685661554338,
      0.9935681101679801,
      0.9935758358240128,
      0.9934639811515809
    ],
    "std_loss": [
      0.0014142135318851356,
      0.000820874053224516,
      0.0007027963789159121,
      0.0004004981777902207,
      0.00022945858640850808,
      0.00028841239222827546,
      0.0003094317178191029,
      0.00021027163536593602,
      0.00027347344164202296,
      0.0002846162126369995,
      0.0001968529587705548,
      0.0021298365535792102,
      0.019651110347189752,
      0.024507059306713035,
      0.02523054017328282,
      0.02550596774743753,
      0.025151732742698128,
      0.025785837363568345,
      0.025961753983963276,
      0.026285385763906877
    ]
  }
}