{"_step":1100,"loss":0.08186779916286469,"final_loss":0.0009796671802178025,"_timestamp":1.7690348950716548e+09,"_wandb":{"runtime":39},"_runtime":39.209225194}