{
  "sweep1_num_cot_tokens_1": {
    "phases": [
      1,
      2,
      3,
      4,
      5,
      6,
      7,
      8,
      9,
      10,
      11,
      12,
      13,
      14,
      15,
      16,
      17,
      18,
      19,
      20
    ],
    "mean_loss": [
      0.00036760779755450046,
      0.002481813215105073,
      0.009271484346318176,
      0.024377163533056172,
      0.05719646428944543,
      0.1144050303590484,
      0.1606377214705572,
      0.2293938750820234,
      0.32765151743777093,
      0.40637051613070063,
      0.5252005685679615,
      0.5571791705489159,
      0.5906037560943513,
      0.65415874726139,
      0.7347910859249532,
      0.7624412745051087,
      0.801894560828805,
      0.8272154713049531,
      0.8368891191855073,
      0.854727861508727
    ],
    "std_loss": [
      0.0005661724550683309,
      0.003591958866314305,
      0.005346309184559785,
      0.031018856813536142,
      0.07079736920309966,
      0.1771907542046011,
      0.19472769850475072,
      0.24131842888069624,
      0.27055020910406324,
      0.2859159399282181,
      0.3284506268025491,
      0.342383087811435,
      0.3391177085289312,
      0.3168599601179292,
      0.2981615817819988,
      0.29011255479819553,
      0.2661249473841018,
      0.2505206426283929,
      0.24078568762091276,
      0.24890224753172116
    ],
    "num_seeds": 20
  },
  "sweep2_num_cot_tokens_phase": {
    "phases": [
      1,
      2,
      3,
      4,
      5,
      6,
      7,
      8,
      9,
      10,
      11,
      12,
      13,
      14,
      15,
      16,
      17,
      18,
      19,
      20
    ],
    "mean_loss": [
      0.0003676077975545004,
      0.003929323612150834,
      0.009470854136743584,
      0.011462496909189214,
      0.015393824371276421,
      0.020595288285985593,
      0.02871476391330361,
      0.046136175193823875,
      0.09047728108242155,
      0.17950088005512954,
      0.2746123141329735,
      0.4228480653930455,
      0.4250858204858378,
      0.35657854069024325,
      0.34740045478101816,
      0.41714696086943154,
      0.42225239807739856,
      0.3520876143546775,
      0.5018736756686122,
      0.579853446027264
    ],
    "std_loss": [
      0.0005661724550683309,
      0.006264220803069071,
      0.006564628987554848,
      0.006333325072205552,
      0.004733065762983577,
      0.006734298867658486,
      0.02925681915947823,
      0.05575312214920022,
      0.10176136251766771,
      0.18581811132884685,
      0.23270331334199956,
      0.29216798728070653,
      0.3544132036017776,
      0.36884145474422236,
      0.38154666477536886,
      0.3913219884633248,
      0.4116432654248434,
      0.3949683337551304,
      0.4248342676539096,
      0.41468567697132824
    ],
    "num_seeds": 20
  }
}