{"_wandb":{"runtime":179},"_runtime":179.882890824,"loss":0.0007661612471565604,"final_loss":0.0012385277077555656,"_timestamp":1.7642244778545516e+09,"_step":9900}