{"final_loss":0.09852153062820435,"_timestamp":1.764014304888257e+09,"_step":100,"loss":0.48266416788101196,"_wandb":{"runtime":3},"_runtime":3.336912967}