{"loss":0.16647642850875854,"final_loss":0.20412150025367737,"_wandb":{"runtime":169},"_runtime":169.062419247,"_timestamp":1.7640147555704925e+09,"_step":9900}