{"_step":0,"loss":0.9916300773620605,"final_loss":0.9191470742225647,"_timestamp":1.764013430647852e+09,"_wandb":{"runtime":3},"_runtime":3.345727979}