{"loss":6.302370456978679e-05,"_wandb":{"runtime":28},"_runtime":28.130696139,"final_loss":6.302370456978679e-05,"_timestamp":1.7642249595038464e+09,"_step":1300}