{"loss":0.00035395880695432425,"final_loss":0.00016459410835523158,"_timestamp":1.764224273425891e+09,"_step":9900,"_wandb":{"runtime":192},"_runtime":192.303716842}