{"eval_loss":0.3456301599740982,"_timestamp":1.7690365668751256e+09,"_runtime":476,"phase":17,"_wandb":{"runtime":476},"_step":103,"accuracy":0.9162999987602234,"train_loss":0.23050285545759835,"iteration":20784}