{"_step":9900,"loss":0.16647642850875854,"final_loss":0.20412150025367737,"_wandb":{"runtime":144},"_runtime":144.36026924,"_timestamp":1.7642237963298874e+09}