{"_runtime":1.26089588,"loss":0.9916300773620605,"final_loss":0.9191470742225647,"_timestamp":1.7640138554961655e+09,"_step":0,"_wandb":{"runtime":1}}