{"final_loss":0.0006427417974919081,"_timestamp":1.7690349505067828e+09,"_step":1400,"loss":0.07228750735521317,"_runtime":43.193979048,"_wandb":{"runtime":43}}